{
    "RMSE": 0.006364899519635434,
    "R2_Score": 0.0,
    "Best_Params": {
        "filters": 64,
        "lstm_units": 128,
        "dropout": 0.3515607064705635,
        "lr": 0.0005
    },
    "Rows": 1991,
    "Cols": 1
}